date,author,year,month,day,year_month,weekday
2025-11-17,David Lord,2025,11,17,2025-11,Monday
2025-11-17,David Lord,2025,11,17,2025-11,Monday
2025-11-17,David Lord,2025,11,17,2025-11,Monday
2025-11-17,David Lord,2025,11,17,2025-11,Monday
2025-11-17,David Lord,2025,11,17,2025-11,Monday
2025-11-17,David Lord,2025,11,17,2025-11,Monday
2025-11-17,David Lord,2025,11,17,2025-11,Monday
2025-10-14,Hynek Schlawack,2025,10,14,2025-10,Tuesday
2025-09-19,David Lord,2025,9,19,2025-09,Friday
2025-09-19,David Lord,2025,9,19,2025-09,Friday
2025-09-12,David Lord,2025,9,12,2025-09,Friday
2025-08-19,David Lord,2025,8,19,2025-08,Tuesday
2025-08-19,David Lord,2025,8,19,2025-08,Tuesday
2025-08-19,David Lord,2025,8,19,2025-08,Tuesday
2025-08-19,David Lord,2025,8,19,2025-08,Tuesday
2025-08-06,Grant Birkinbine,2025,8,6,2025-08,Wednesday
2025-08-19,David Lord,2025,8,19,2025-08,Tuesday
2025-08-19,David Lord,2025,8,19,2025-08,Tuesday
2025-08-19,David Lord,2025,8,19,2025-08,Tuesday
2025-05-17,kadai0308,2025,5,17,2025-05,Saturday
2025-08-19,David Lord,2025,8,19,2025-08,Tuesday
2025-08-19,David Lord,2025,8,19,2025-08,Tuesday
2025-08-19,David Lord,2025,8,19,2025-08,Tuesday
2025-08-18,David Lord,2025,8,18,2025-08,Monday
2025-08-18,David Lord,2025,8,18,2025-08,Monday
2025-08-18,David Lord,2025,8,18,2025-08,Monday
2025-08-18,David Lord,2025,8,18,2025-08,Monday
2025-07-16,Tero Vuotila,2025,7,16,2025-07,Wednesday
2025-08-18,David Lord,2025,8,18,2025-08,Monday
2025-05-21,Badhreesh,2025,5,21,2025-05,Wednesday
2025-08-18,David Lord,2025,8,18,2025-08,Monday
2025-08-18,David Lord,2025,8,18,2025-08,Monday
2025-08-18,David Lord,2025,8,18,2025-08,Monday
2025-08-18,David Lord,2025,8,18,2025-08,Monday
2025-06-12,David Lord,2025,6,12,2025-06,Thursday
2025-06-12,David Lord,2025,6,12,2025-06,Thursday
2025-06-10,David Lord,2025,6,10,2025-06,Tuesday
2025-06-10,David Lord,2025,6,10,2025-06,Tuesday
2025-06-09,David Lord,2025,6,9,2025-06,Monday
2025-06-09,David Lord,2025,6,9,2025-06,Monday
2025-06-09,David Lord,2025,6,9,2025-06,Monday
2025-06-09,David Lord,2025,6,9,2025-06,Monday
2025-06-09,David Lord,2025,6,9,2025-06,Monday
2025-06-08,David Lord,2025,6,8,2025-06,Sunday
2025-06-08,David Lord,2025,6,8,2025-06,Sunday
2025-06-08,David Lord,2025,6,8,2025-06,Sunday
2025-06-08,David Lord,2025,6,8,2025-06,Sunday
2025-05-01,abhiram kamini,2025,5,1,2025-05,Thursday
2025-05-20,David Lord,2025,5,20,2025-05,Tuesday
2025-05-18,AJ Jordan,2025,5,18,2025-05,Sunday
2025-05-13,David Lord,2025,5,13,2025-05,Tuesday
2025-05-13,David Lord,2025,5,13,2025-05,Tuesday
2025-05-13,David Lord,2025,5,13,2025-05,Tuesday
2025-05-13,David Lord,2025,5,13,2025-05,Tuesday
2025-05-13,David Lord,2025,5,13,2025-05,Tuesday
2025-05-13,David Lord,2025,5,13,2025-05,Tuesday
2025-05-13,David Lord,2025,5,13,2025-05,Tuesday
2025-03-29,David Lord,2025,3,29,2025-03,Saturday
2025-03-10,James Addison,2025,3,10,2025-03,Monday
2025-05-11,David Lord,2025,5,11,2025-05,Sunday
2025-05-11,David Lord,2025,5,11,2025-05,Sunday
2025-05-11,David Lord,2025,5,11,2025-05,Sunday
2025-05-11,David Lord,2025,5,11,2025-05,Sunday
2025-03-30,David Lord,2025,3,30,2025-03,Sunday
2025-03-30,David Lord,2025,3,30,2025-03,Sunday
2024-11-18,CoolCat467,2024,11,18,2024-11,Monday
2025-03-29,David Lord,2025,3,29,2025-03,Saturday
2025-03-29,David Lord,2025,3,29,2025-03,Saturday
2025-03-29,David Lord,2025,3,29,2025-03,Saturday
2025-03-29,David Lord,2025,3,29,2025-03,Saturday
2025-03-29,David Lord,2025,3,29,2025-03,Saturday
2025-03-29,David Lord,2025,3,29,2025-03,Saturday
2025-03-29,David Lord,2025,3,29,2025-03,Saturday
2025-03-29,David Lord,2025,3,29,2025-03,Saturday
2025-03-24,black,2025,3,24,2025-03,Monday
2025-03-29,David Lord,2025,3,29,2025-03,Saturday
2025-01-29,George Waters,2025,1,29,2025-01,Wednesday
2025-03-29,David Lord,2025,3,29,2025-03,Saturday
2025-01-26,kotvkvante,2025,1,26,2025-01,Sunday
2025-03-29,David Lord,2025,3,29,2025-03,Saturday
2024-11-27,zhuangzhuang,2024,11,27,2024-11,Wednesday
2025-03-29,David Lord,2025,3,29,2025-03,Saturday
2025-03-29,David Lord,2025,3,29,2025-03,Saturday
2025-01-05,David Lord,2025,1,5,2025-01,Sunday
2025-01-05,David Lord,2025,1,5,2025-01,Sunday
2025-01-05,David Lord,2025,1,5,2025-01,Sunday
2025-01-05,David Lord,2025,1,5,2025-01,Sunday
2025-01-05,David Lord,2025,1,5,2025-01,Sunday
2024-11-23,David Lord,2024,11,23,2024-11,Saturday
2024-11-23,David Lord,2024,11,23,2024-11,Saturday
2024-11-23,kurtatter,2024,11,23,2024-11,Saturday
2024-11-23,David Lord,2024,11,23,2024-11,Saturday
2024-11-23,David Lord,2024,11,23,2024-11,Saturday
2024-11-23,David Lord,2024,11,23,2024-11,Saturday
2024-11-23,David Lord,2024,11,23,2024-11,Saturday
2024-11-23,David Lord,2024,11,23,2024-11,Saturday
2024-11-23,David Lord,2024,11,23,2024-11,Saturday
2024-11-20,David Lord,2024,11,20,2024-11,Wednesday
2024-11-13,David Lord,2024,11,13,2024-11,Wednesday
2024-11-13,David Lord,2024,11,13,2024-11,Wednesday
2024-11-13,David Lord,2024,11,13,2024-11,Wednesday
2024-11-13,David Lord,2024,11,13,2024-11,Wednesday
2024-11-13,David Lord,2024,11,13,2024-11,Wednesday
2024-11-13,David Lord,2024,11,13,2024-11,Wednesday
2024-11-13,David Lord,2024,11,13,2024-11,Wednesday
2024-11-12,David Lord,2024,11,12,2024-11,Tuesday
2024-11-12,David Lord,2024,11,12,2024-11,Tuesday
2024-11-12,David Lord,2024,11,12,2024-11,Tuesday
2024-11-10,David Lord,2024,11,10,2024-11,Sunday
2024-11-08,David Lord,2024,11,8,2024-11,Friday
2024-11-08,David Lord,2024,11,8,2024-11,Friday
2024-11-08,David Lord,2024,11,8,2024-11,Friday
2024-11-08,David Lord,2024,11,8,2024-11,Friday
2024-11-07,David Lord,2024,11,7,2024-11,Thursday
2024-11-07,David Lord,2024,11,7,2024-11,Thursday
2024-11-06,David,2024,11,6,2024-11,Wednesday
2024-11-01,David Lord,2024,11,1,2024-11,Friday
2024-11-01,David Lord,2024,11,1,2024-11,Friday
2024-11-01,David Lord,2024,11,1,2024-11,Friday
2024-11-01,David Lord,2024,11,1,2024-11,Friday
2024-11-01,David Lord,2024,11,1,2024-11,Friday
2024-11-01,David Lord,2024,11,1,2024-11,Friday
2024-06-09,David Lord,2024,6,9,2024-06,Sunday
2024-11-01,David Lord,2024,11,1,2024-11,Friday
2024-11-01,David Lord,2024,11,1,2024-11,Friday
2024-10-31,David Lord,2024,10,31,2024-10,Thursday
2024-10-31,David Lord,2024,10,31,2024-10,Thursday
2024-10-31,David Lord,2024,10,31,2024-10,Thursday
2024-10-31,David Lord,2024,10,31,2024-10,Thursday
2024-10-31,David Lord,2024,10,31,2024-10,Thursday
2024-10-31,David Lord,2024,10,31,2024-10,Thursday
2024-10-24,David Lord,2024,10,24,2024-10,Thursday
2024-08-06,bre-17387639,2024,8,6,2024-08,Tuesday
2024-10-24,David Lord,2024,10,24,2024-10,Thursday
2024-10-24,David Lord,2024,10,24,2024-10,Thursday
2024-10-24,David Lord,2024,10,24,2024-10,Thursday
2024-10-24,David Lord,2024,10,24,2024-10,Thursday
2024-10-23,David Lord,2024,10,23,2024-10,Wednesday
2024-10-22,David Lord,2024,10,22,2024-10,Tuesday
2024-10-22,Catarina Bressan,2024,10,22,2024-10,Tuesday
2024-10-18,David Lord,2024,10,18,2024-10,Friday
2024-10-18,David Lord,2024,10,18,2024-10,Friday
2024-10-18,David Lord,2024,10,18,2024-10,Friday
2024-10-18,David Lord,2024,10,18,2024-10,Friday
2024-10-18,David Lord,2024,10,18,2024-10,Friday
2024-10-18,David Lord,2024,10,18,2024-10,Friday
2024-10-18,David Lord,2024,10,18,2024-10,Friday
2024-09-22,Grey Li,2024,9,22,2024-09,Sunday
2024-09-01,David Lord,2024,9,1,2024-09,Sunday
2024-09-01,David Lord,2024,9,1,2024-09,Sunday
2024-09-01,David Lord,2024,9,1,2024-09,Sunday
2024-08-23,David Lord,2024,8,23,2024-08,Friday
2024-08-23,David Lord,2024,8,23,2024-08,Friday
2024-08-23,David Lord,2024,8,23,2024-08,Friday
2024-08-23,David Lord,2024,8,23,2024-08,Friday
2024-08-23,David Lord,2024,8,23,2024-08,Friday
2024-08-23,David Lord,2024,8,23,2024-08,Friday
2024-08-23,David Lord,2024,8,23,2024-08,Friday
2024-08-23,David Lord,2024,8,23,2024-08,Friday
2024-08-23,David Lord,2024,8,23,2024-08,Friday
2024-08-23,David Lord,2024,8,23,2024-08,Friday
2024-08-23,David Lord,2024,8,23,2024-08,Friday
2024-08-06,David Lord,2024,8,6,2024-08,Tuesday
2024-08-05,pre-commit-ci[bot],2024,8,5,2024-08,Monday
2024-08-03,David Lord,2024,8,3,2024-08,Saturday
2024-08-01,dependabot[bot],2024,8,1,2024-08,Thursday
2024-07-10,David Lord,2024,7,10,2024-07,Wednesday
2024-07-10,David Lord,2024,7,10,2024-07,Wednesday
2024-07-10,David Lord,2024,7,10,2024-07,Wednesday
2024-07-09,Amirreza A,2024,7,9,2024-07,Tuesday
2024-07-02,David Lord,2024,7,2,2024-07,Tuesday
2024-07-02,pre-commit-ci[bot],2024,7,2,2024-07,Tuesday
2024-07-01,David Lord,2024,7,1,2024-07,Monday
2024-07-01,David Lord,2024,7,1,2024-07,Monday
2024-07-01,dependabot[bot],2024,7,1,2024-07,Monday
2024-07-01,dependabot[bot],2024,7,1,2024-07,Monday
2024-06-05,pgjones,2024,6,5,2024-06,Wednesday
2024-06-03,David Lord,2024,6,3,2024-06,Monday
2024-06-03,pre-commit-ci[bot],2024,6,3,2024-06,Monday
2024-06-01,David Lord,2024,6,1,2024-06,Saturday
2024-06-01,dependabot[bot],2024,6,1,2024-06,Saturday
2024-06-01,David Lord,2024,6,1,2024-06,Saturday
2024-06-01,dependabot[bot],2024,6,1,2024-06,Saturday
2024-05-25,David Lord,2024,5,25,2024-05,Saturday
2024-05-19,Heisenberg,2024,5,19,2024-05,Sunday
2024-05-25,David Lord,2024,5,25,2024-05,Saturday
2024-05-21,Jake Tanis,2024,5,21,2024-05,Tuesday
2024-05-25,David Lord,2024,5,25,2024-05,Saturday
2024-04-15,脡loi Rivard,2024,4,15,2024-04,Monday
2024-05-11,David Lord,2024,5,11,2024-05,Saturday
2024-05-11,David Lord,2024,5,11,2024-05,Saturday
2024-05-11,David Lord,2024,5,11,2024-05,Saturday
2024-05-06,David Lord,2024,5,6,2024-05,Monday
2024-05-06,pre-commit-ci[bot],2024,5,6,2024-05,Monday
2024-05-06,David Lord,2024,5,6,2024-05,Monday
2024-05-06,David Lord,2024,5,6,2024-05,Monday
2024-05-06,dependabot[bot],2024,5,6,2024-05,Monday
2024-05-06,David Lord,2024,5,6,2024-05,Monday
2024-05-06,dependabot[bot],2024,5,6,2024-05,Monday
2024-05-06,David Lord,2024,5,6,2024-05,Monday
2024-05-06,David Lord,2024,5,6,2024-05,Monday
2024-05-06,David Lord,2024,5,6,2024-05,Monday
2024-05-02,David Lord,2024,5,2,2024-05,Thursday
2024-05-02,JamesMRamm,2024,5,2,2024-05,Thursday
2024-04-23,David Lord,2024,4,23,2024-04,Tuesday
2024-04-23,dependabot[bot],2024,4,23,2024-04,Tuesday
2024-04-23,David Lord,2024,4,23,2024-04,Tuesday
2024-04-23,dependabot[bot],2024,4,23,2024-04,Tuesday
2024-04-23,David Lord,2024,4,23,2024-04,Tuesday
2024-04-23,David Lord,2024,4,23,2024-04,Tuesday
2024-04-08,David Lord,2024,4,8,2024-04,Monday
2024-04-08,David Lord,2024,4,8,2024-04,Monday
2024-04-08,David Lord,2024,4,8,2024-04,Monday
2024-04-07,David Lord,2024,4,7,2024-04,Sunday
2024-04-07,David Lord,2024,4,7,2024-04,Sunday
2024-04-07,David Lord,2024,4,7,2024-04,Sunday
2024-04-07,David Lord,2024,4,7,2024-04,Sunday
2024-04-07,David Lord,2024,4,7,2024-04,Sunday
2023-10-01,pgjones,2023,10,1,2023-10,Sunday
2024-04-07,David Lord,2024,4,7,2024-04,Sunday
2024-04-07,David Lord,2024,4,7,2024-04,Sunday
2024-04-07,David Lord,2024,4,7,2024-04,Sunday
2024-04-07,David Lord,2024,4,7,2024-04,Sunday
2024-04-07,David Lord,2024,4,7,2024-04,Sunday
2024-04-07,dependabot[bot],2024,4,7,2024-04,Sunday
2024-04-07,David Lord,2024,4,7,2024-04,Sunday
2024-04-07,David Lord,2024,4,7,2024-04,Sunday
2024-04-06,David Lord,2024,4,6,2024-04,Saturday
2024-02-27,Sviatoslav Sydorenko (小胁褟褌芯褋谢邪胁 小懈写芯褉械薪泻芯),2024,2,27,2024-02,Tuesday
2024-02-12,David Lord,2024,2,12,2024-02,Monday
2024-02-05,pre-commit-ci[bot],2024,2,5,2024-02,Monday
2024-02-03,David Lord,2024,2,3,2024-02,Saturday
2024-02-03,David Lord,2024,2,3,2024-02,Saturday
2024-02-03,David Lord,2024,2,3,2024-02,Saturday
2024-02-03,David Lord,2024,2,3,2024-02,Saturday
2024-01-26,Tony Huang,2024,1,26,2024-01,Friday
2024-02-03,David Lord,2024,2,3,2024-02,Saturday
2024-01-23,Cody Scott,2024,1,23,2024-01,Tuesday
2024-02-03,David Lord,2024,2,3,2024-02,Saturday
2024-02-03,David Lord,2024,2,3,2024-02,Saturday
2024-02-03,David Lord,2024,2,3,2024-02,Saturday
2024-02-01,dependabot[bot],2024,2,1,2024-02,Thursday
2024-02-01,dependabot[bot],2024,2,1,2024-02,Thursday
2024-01-18,David Lord,2024,1,18,2024-01,Thursday
2024-01-18,David Lord,2024,1,18,2024-01,Thursday
2024-01-18,David Lord,2024,1,18,2024-01,Thursday
2024-01-18,David Lord,2024,1,18,2024-01,Thursday
2024-01-18,David Lord,2024,1,18,2024-01,Thursday
2024-01-18,David Lord,2024,1,18,2024-01,Thursday
2024-01-18,David Lord,2024,1,18,2024-01,Thursday
2024-01-18,David Lord,2024,1,18,2024-01,Thursday
2024-01-16,David Lord,2024,1,16,2024-01,Tuesday
2023-12-14,David Lord,2023,12,14,2023-12,Thursday
2024-01-15,David Lord,2024,1,15,2024-01,Monday
2024-01-15,David Lord,2024,1,15,2024-01,Monday
2024-01-15,David Lord,2024,1,15,2024-01,Monday
2024-01-01,pre-commit-ci[bot],2024,1,1,2024-01,Monday
2024-01-01,pre-commit-ci[bot],2024,1,1,2024-01,Monday
2024-01-01,David Lord,2024,1,1,2024-01,Monday
2024-01-01,dependabot[bot],2024,1,1,2024-01,Monday
2023-12-13,David Lord,2023,12,13,2023-12,Wednesday
2023-12-13,David Lord,2023,12,13,2023-12,Wednesday
2023-12-13,David Lord,2023,12,13,2023-12,Wednesday
2023-12-13,David Lord,2023,12,13,2023-12,Wednesday
2023-12-05,Ben Huebscher,2023,12,5,2023-12,Tuesday
2023-12-13,David Lord,2023,12,13,2023-12,Wednesday
2023-11-24,lizard,2023,11,24,2023-11,Friday
2023-12-13,David Lord,2023,12,13,2023-12,Wednesday
2023-12-01,dependabot[bot],2023,12,1,2023-12,Friday
2023-12-04,David Lord,2023,12,4,2023-12,Monday
2023-12-04,David Lord,2023,12,4,2023-12,Monday
2023-12-04,pre-commit-ci[bot],2023,12,4,2023-12,Monday
2023-12-01,dependabot[bot],2023,12,1,2023-12,Friday
2023-11-15,David Lord,2023,11,15,2023-11,Wednesday
2023-11-15,David Lord,2023,11,15,2023-11,Wednesday
2023-11-13,Daniel Isaac,2023,11,13,2023-11,Monday
2023-11-15,David Lord,2023,11,15,2023-11,Wednesday
2023-11-15,David Lord,2023,11,15,2023-11,Wednesday
2023-11-15,David Lord,2023,11,15,2023-11,Wednesday
2023-11-09,David Lord,2023,11,9,2023-11,Thursday
2023-11-09,David Lord,2023,11,9,2023-11,Thursday
2023-11-09,David Lord,2023,11,9,2023-11,Thursday
2023-11-15,David Lord,2023,11,15,2023-11,Wednesday
2023-11-09,David Lord,2023,11,9,2023-11,Thursday
2023-11-09,David Lord,2023,11,9,2023-11,Thursday
2023-11-09,David Lord,2023,11,9,2023-11,Thursday
2023-11-09,David Lord,2023,11,9,2023-11,Thursday
2023-11-09,dependabot[bot],2023,11,9,2023-11,Thursday
2023-11-09,David Lord,2023,11,9,2023-11,Thursday
2023-11-09,David Lord,2023,11,9,2023-11,Thursday
2023-11-09,David Lord,2023,11,9,2023-11,Thursday
2023-11-09,David Lord,2023,11,9,2023-11,Thursday
2023-11-09,David Lord,2023,11,9,2023-11,Thursday
2023-11-09,David Lord,2023,11,9,2023-11,Thursday
2023-10-28,David Lord,2023,10,28,2023-10,Saturday
2023-10-28,Resistor-git,2023,10,28,2023-10,Saturday
2023-10-28,Resistor-git,2023,10,28,2023-10,Saturday
2023-10-20,David Lord,2023,10,20,2023-10,Friday
2023-10-20,Arnout Engelen,2023,10,20,2023-10,Friday
2023-10-07,Iztok Fister Jr,2023,10,7,2023-10,Saturday
2023-10-07,Akinola Abiodun Emmanuel,2023,10,7,2023-10,Saturday
2023-09-16,pgjones,2023,9,16,2023-09,Saturday
2023-09-30,pgjones,2023,9,30,2023-09,Saturday
2023-09-24,pgjones,2023,9,24,2023-09,Sunday
2023-09-22,nick2202,2023,9,22,2023-09,Friday
2023-09-05,David Lord,2023,9,5,2023-09,Tuesday
2023-09-05,David Lord,2023,9,5,2023-09,Tuesday
2023-09-05,David Lord,2023,9,5,2023-09,Tuesday
2023-09-01,dependabot[bot],2023,9,1,2023-09,Friday
2023-09-01,dependabot[bot],2023,9,1,2023-09,Friday
2023-09-01,dependabot[bot],2023,9,1,2023-09,Friday
2023-08-29,David Lord,2023,8,29,2023-08,Tuesday
2023-08-29,David Lord,2023,8,29,2023-08,Tuesday
2023-08-27,David Lord,2023,8,27,2023-08,Sunday
2023-08-27,pgjones,2023,8,27,2023-08,Sunday
2023-08-21,David Lord,2023,8,21,2023-08,Monday
2023-08-21,David Lord,2023,8,21,2023-08,Monday
2023-08-21,David Lord,2023,8,21,2023-08,Monday
2023-08-21,David Lord,2023,8,21,2023-08,Monday
2023-08-21,David Lord,2023,8,21,2023-08,Monday
2023-08-20,David Lord,2023,8,20,2023-08,Sunday
2023-08-19,pgjones,2023,8,19,2023-08,Saturday
2023-08-15,pgjones,2023,8,15,2023-08,Tuesday
2023-08-14,pgjones,2023,8,14,2023-08,Monday
2023-07-16,pgjones,2023,7,16,2023-07,Sunday
2023-07-15,pgjones,2023,7,15,2023-07,Saturday
2023-07-15,pgjones,2023,7,15,2023-07,Saturday
2023-06-11,pgjones,2023,6,11,2023-06,Sunday
2023-06-10,pgjones,2023,6,10,2023-06,Saturday
2023-08-16,David Lord,2023,8,16,2023-08,Wednesday
2023-08-16,David Lord,2023,8,16,2023-08,Wednesday
2023-08-16,David Lord,2023,8,16,2023-08,Wednesday
2023-08-16,David Lord,2023,8,16,2023-08,Wednesday
2023-08-16,David Lord,2023,8,16,2023-08,Wednesday
2023-08-16,David Lord,2023,8,16,2023-08,Wednesday
2023-08-13,pavithra,2023,8,13,2023-08,Sunday
2023-08-16,David Lord,2023,8,16,2023-08,Wednesday
2023-08-16,David Lord,2023,8,16,2023-08,Wednesday
2023-08-16,David Lord,2023,8,16,2023-08,Wednesday
2023-08-16,David Lord,2023,8,16,2023-08,Wednesday
2023-08-16,David Lord,2023,8,16,2023-08,Wednesday
2023-08-08,hauntsaninja,2023,8,8,2023-08,Tuesday
2023-08-16,David Lord,2023,8,16,2023-08,Wednesday
2023-08-16,David Lord,2023,8,16,2023-08,Wednesday
2023-08-01,David Lord,2023,8,1,2023-08,Tuesday
2023-08-01,David Lord,2023,8,1,2023-08,Tuesday
2023-08-01,dependabot[bot],2023,8,1,2023-08,Tuesday
2023-08-01,dependabot[bot],2023,8,1,2023-08,Tuesday
2023-08-01,David Lord,2023,8,1,2023-08,Tuesday
2023-08-01,pre-commit-ci[bot],2023,8,1,2023-08,Tuesday
2023-07-04,David Lord,2023,7,4,2023-07,Tuesday
2023-07-04,pre-commit-ci[bot],2023,7,4,2023-07,Tuesday
2023-07-03,David Lord,2023,7,3,2023-07,Monday
2023-07-01,Pamela Fox,2023,7,1,2023-07,Saturday
2023-07-01,David Lord,2023,7,1,2023-07,Saturday
2023-07-01,David Lord,2023,7,1,2023-07,Saturday
2023-07-01,David Lord,2023,7,1,2023-07,Saturday
2023-07-01,David Lord,2023,7,1,2023-07,Saturday
2023-07-01,dependabot[bot],2023,7,1,2023-07,Saturday
2023-07-01,dependabot[bot],2023,7,1,2023-07,Saturday
2023-07-01,dependabot[bot],2023,7,1,2023-07,Saturday
2023-07-01,dependabot[bot],2023,7,1,2023-07,Saturday
2023-06-29,David Lord,2023,6,29,2023-06,Thursday
2023-06-29,ToolMoney,2023,6,29,2023-06,Thursday
2023-06-27,David Lord,2023,6,27,2023-06,Tuesday
2023-06-27,David Lord,2023,6,27,2023-06,Tuesday
2023-06-27,David Lord,2023,6,27,2023-06,Tuesday
2023-06-27,David Lord,2023,6,27,2023-06,Tuesday
2023-06-27,David Lord,2023,6,27,2023-06,Tuesday
2023-06-27,David Lord,2023,6,27,2023-06,Tuesday
2023-06-27,David Lord,2023,6,27,2023-06,Tuesday
2023-06-27,David Lord,2023,6,27,2023-06,Tuesday
2023-06-27,David Lord,2023,6,27,2023-06,Tuesday
2023-06-27,David Lord,2023,6,27,2023-06,Tuesday
2023-06-27,David Lord,2023,6,27,2023-06,Tuesday
2023-06-27,David Lord,2023,6,27,2023-06,Tuesday
2023-06-21,David Lord,2023,6,21,2023-06,Wednesday
2023-06-21,mohammad m. moniri,2023,6,21,2023-06,Wednesday
2023-06-09,David Lord,2023,6,9,2023-06,Friday
2023-06-09,David Lord,2023,6,9,2023-06,Friday
2023-06-09,David Lord,2023,6,9,2023-06,Friday
2023-06-09,David Lord,2023,6,9,2023-06,Friday
2023-06-08,David Lord,2023,6,8,2023-06,Thursday
2023-06-08,David Lord,2023,6,8,2023-06,Thursday
2023-06-07,David Lord,2023,6,7,2023-06,Wednesday
2023-06-07,David Lord,2023,6,7,2023-06,Wednesday
2023-06-07,David Lord,2023,6,7,2023-06,Wednesday
2023-06-07,David Lord,2023,6,7,2023-06,Wednesday
2023-06-07,David Lord,2023,6,7,2023-06,Wednesday
2023-06-07,David Lord,2023,6,7,2023-06,Wednesday
2023-06-06,David Lord,2023,6,6,2023-06,Tuesday
2023-06-06,pre-commit-ci[bot],2023,6,6,2023-06,Tuesday
2023-06-06,David Lord,2023,6,6,2023-06,Tuesday
2023-06-06,David Lord,2023,6,6,2023-06,Tuesday
2023-06-01,David Lord,2023,6,1,2023-06,Thursday
2023-06-01,David Lord,2023,6,1,2023-06,Thursday
2023-06-01,David Lord,2023,6,1,2023-06,Thursday
2023-06-01,dependabot[bot],2023,6,1,2023-06,Thursday
2023-06-01,dependabot[bot],2023,6,1,2023-06,Thursday
2023-06-01,dependabot[bot],2023,6,1,2023-06,Thursday
2023-05-31,David Lord,2023,5,31,2023-05,Wednesday
2023-05-31,David Lord,2023,5,31,2023-05,Wednesday
2023-05-31,David Lord,2023,5,31,2023-05,Wednesday
2023-05-31,David Lord,2023,5,31,2023-05,Wednesday
2023-05-24,Jeroendevr,2023,5,24,2023-05,Wednesday
2023-05-18,Pedro Guilherme S. Moreira,2023,5,18,2023-05,Thursday
2023-05-14,David Lord,2023,5,14,2023-05,Sunday
2023-05-14,pgjones,2023,5,14,2023-05,Sunday
2023-05-09,David Lord,2023,5,9,2023-05,Tuesday
2023-05-09,David Lord,2023,5,9,2023-05,Tuesday
2023-05-02,David Lord,2023,5,2,2023-05,Tuesday
2023-05-02,David Lord,2023,5,2,2023-05,Tuesday
2023-05-02,David Lord,2023,5,2,2023-05,Tuesday
2023-05-02,David Lord,2023,5,2,2023-05,Tuesday
2023-05-02,David Lord,2023,5,2,2023-05,Tuesday
2023-05-02,David Lord,2023,5,2,2023-05,Tuesday
2023-05-02,David Lord,2023,5,2,2023-05,Tuesday
2023-05-02,David Lord,2023,5,2,2023-05,Tuesday
2023-05-02,David Lord,2023,5,2,2023-05,Tuesday
2023-05-02,David Lord,2023,5,2,2023-05,Tuesday
2023-05-01,David Lord,2023,5,1,2023-05,Monday
2023-05-02,David Lord,2023,5,2,2023-05,Tuesday
2023-05-02,David Lord,2023,5,2,2023-05,Tuesday
2023-05-02,David Lord,2023,5,2,2023-05,Tuesday
2023-05-01,David Lord,2023,5,1,2023-05,Monday
2023-05-01,David Lord,2023,5,1,2023-05,Monday
2023-05-01,dependabot[bot],2023,5,1,2023-05,Monday
2023-05-01,David Lord,2023,5,1,2023-05,Monday
2023-05-01,dependabot[bot],2023,5,1,2023-05,Monday
2023-05-01,dependabot[bot],2023,5,1,2023-05,Monday
2023-05-01,David Lord,2023,5,1,2023-05,Monday
2023-05-01,David Lord,2023,5,1,2023-05,Monday
2023-05-01,David Lord,2023,5,1,2023-05,Monday
2023-05-01,David Lord,2023,5,1,2023-05,Monday
2023-05-01,David Lord,2023,5,1,2023-05,Monday
2023-05-01,David Lord,2023,5,1,2023-05,Monday
2023-05-01,David Lord,2023,5,1,2023-05,Monday
2023-05-01,David Lord,2023,5,1,2023-05,Monday
2023-05-01,David Lord,2023,5,1,2023-05,Monday
2023-05-01,David Lord,2023,5,1,2023-05,Monday
2023-05-01,David Lord,2023,5,1,2023-05,Monday
2023-04-25,David Lord,2023,4,25,2023-04,Tuesday
2023-04-25,David Lord,2023,4,25,2023-04,Tuesday
2023-04-25,David Lord,2023,4,25,2023-04,Tuesday
2023-04-25,Lucas Werkmeister,2023,4,25,2023-04,Tuesday
2023-04-25,David Lord,2023,4,25,2023-04,Tuesday
2023-04-25,David Lord,2023,4,25,2023-04,Tuesday
2023-04-25,David Lord,2023,4,25,2023-04,Tuesday
2023-04-25,David Lord,2023,4,25,2023-04,Tuesday
2023-04-25,David Lord,2023,4,25,2023-04,Tuesday
2023-04-25,David Lord,2023,4,25,2023-04,Tuesday
2023-04-25,David Lord,2023,4,25,2023-04,Tuesday
2023-04-25,David Lord,2023,4,25,2023-04,Tuesday
2023-04-25,David Lord,2023,4,25,2023-04,Tuesday
2023-04-25,David Lord,2023,4,25,2023-04,Tuesday
2023-04-25,David Lord,2023,4,25,2023-04,Tuesday
2023-04-25,David Lord,2023,4,25,2023-04,Tuesday
2023-04-24,David Lord,2023,4,24,2023-04,Monday
2023-04-24,EtiennePelletier,2023,4,24,2023-04,Monday
2023-04-20,David Lord,2023,4,20,2023-04,Thursday
2023-04-20,David Lord,2023,4,20,2023-04,Thursday
2023-04-20,David Lord,2023,4,20,2023-04,Thursday
2023-04-20,David Lord,2023,4,20,2023-04,Thursday
2023-04-20,David Lord,2023,4,20,2023-04,Thursday
2023-04-20,David Lord,2023,4,20,2023-04,Thursday
2023-04-20,David Lord,2023,4,20,2023-04,Thursday
2023-04-20,David Lord,2023,4,20,2023-04,Thursday
2023-04-15,David Lord,2023,4,15,2023-04,Saturday
2023-04-15,David Lord,2023,4,15,2023-04,Saturday
2023-04-15,David Lord,2023,4,15,2023-04,Saturday
2023-04-15,David Lord,2023,4,15,2023-04,Saturday
2023-04-15,David Lord,2023,4,15,2023-04,Saturday
2023-04-15,David Lord,2023,4,15,2023-04,Saturday
2023-04-15,David Lord,2023,4,15,2023-04,Saturday
2023-04-14,David Lord,2023,4,14,2023-04,Friday
2023-04-14,David Lord,2023,4,14,2023-04,Friday
2023-04-13,emisargent,2023,4,13,2023-04,Thursday
2023-04-13,David Lord,2023,4,13,2023-04,Thursday
2023-04-13,David Lord,2023,4,13,2023-04,Thursday
2023-04-13,David Lord,2023,4,13,2023-04,Thursday
2023-04-10,pgjones,2023,4,10,2023-04,Monday
2023-04-13,David Lord,2023,4,13,2023-04,Thursday
2023-04-13,David Lord,2023,4,13,2023-04,Thursday
2023-04-12,David Lord,2023,4,12,2023-04,Wednesday
2023-03-26,Adam Dangoor,2023,3,26,2023-03,Sunday
2023-04-12,David Lord,2023,4,12,2023-04,Wednesday
2023-03-17,lettow-humain,2023,3,17,2023-03,Friday
2023-04-12,David Lord,2023,4,12,2023-04,Wednesday
2023-04-12,David Lord,2023,4,12,2023-04,Wednesday
2023-04-12,David Lord,2023,4,12,2023-04,Wednesday
2023-04-12,David Lord,2023,4,12,2023-04,Wednesday
2023-04-12,David Lord,2023,4,12,2023-04,Wednesday
2023-04-11,David Lord,2023,4,11,2023-04,Tuesday
2023-04-11,David Lord,2023,4,11,2023-04,Tuesday
2023-04-11,David Lord,2023,4,11,2023-04,Tuesday
2023-04-05,David Lord,2023,4,5,2023-04,Wednesday
2023-04-04,David Lord,2023,4,4,2023-04,Tuesday
2023-04-04,pre-commit-ci[bot],2023,4,4,2023-04,Tuesday
2023-04-03,David Lord,2023,4,3,2023-04,Monday
2023-04-03,David Lord,2023,4,3,2023-04,Monday
2023-04-03,David Lord,2023,4,3,2023-04,Monday
2023-04-01,dependabot[bot],2023,4,1,2023-04,Saturday
2023-04-01,dependabot[bot],2023,4,1,2023-04,Saturday
2023-04-01,dependabot[bot],2023,4,1,2023-04,Saturday
2023-03-31,Pamela Fox,2023,3,31,2023-03,Friday
2023-03-11,David Lord,2023,3,11,2023-03,Saturday
2023-03-04,Evgeny Mozhaev,2023,3,4,2023-03,Saturday
2023-03-11,David Lord,2023,3,11,2023-03,Saturday
2023-03-11,David Lord,2023,3,11,2023-03,Saturday
2023-03-11,David Lord,2023,3,11,2023-03,Saturday
2023-03-11,David Lord,2023,3,11,2023-03,Saturday
2023-03-11,David Lord,2023,3,11,2023-03,Saturday
2023-03-11,David Lord,2023,3,11,2023-03,Saturday
2023-03-11,David Lord,2023,3,11,2023-03,Saturday
2023-03-08,David Lord,2023,3,8,2023-03,Wednesday
2023-03-08,martinamca,2023,3,8,2023-03,Wednesday
2023-03-01,David Lord,2023,3,1,2023-03,Wednesday
2023-03-01,David Lord,2023,3,1,2023-03,Wednesday
2023-03-01,dependabot[bot],2023,3,1,2023-03,Wednesday
2023-03-01,dependabot[bot],2023,3,1,2023-03,Wednesday
2023-02-23,David Lord,2023,2,23,2023-02,Thursday
2023-02-23,David Lord,2023,2,23,2023-02,Thursday
2023-02-23,David Lord,2023,2,23,2023-02,Thursday
2023-02-22,AntoineMath,2023,2,22,2023-02,Wednesday
2023-02-23,David Lord,2023,2,23,2023-02,Thursday
2023-02-23,David Lord,2023,2,23,2023-02,Thursday
2023-02-23,David Lord,2023,2,23,2023-02,Thursday
2023-02-23,David Lord,2023,2,23,2023-02,Thursday
2023-02-23,David Lord,2023,2,23,2023-02,Thursday
2023-02-23,David Lord,2023,2,23,2023-02,Thursday
2023-02-23,David Lord,2023,2,23,2023-02,Thursday
2023-02-23,David Lord,2023,2,23,2023-02,Thursday
2023-02-23,David Lord,2023,2,23,2023-02,Thursday
2023-02-16,David Lord,2023,2,16,2023-02,Thursday
2023-02-16,David Lord,2023,2,16,2023-02,Thursday
2023-02-15,David Lord,2023,2,15,2023-02,Wednesday
2023-02-15,David Lord,2023,2,15,2023-02,Wednesday
2023-02-15,David Lord,2023,2,15,2023-02,Wednesday
2023-02-15,David Lord,2023,2,15,2023-02,Wednesday
2023-02-10,David Lord,2023,2,10,2023-02,Friday
2023-02-10,David Lord,2023,2,10,2023-02,Friday
2023-02-10,David Lord,2023,2,10,2023-02,Friday
2023-02-10,David Lord,2023,2,10,2023-02,Friday
2023-02-10,David Lord,2023,2,10,2023-02,Friday
2023-02-10,David Lord,2023,2,10,2023-02,Friday
2023-02-10,David Lord,2023,2,10,2023-02,Friday
2023-02-10,David Lord,2023,2,10,2023-02,Friday
2023-02-10,David Lord,2023,2,10,2023-02,Friday
2023-02-09,David Lord,2023,2,9,2023-02,Thursday
2023-02-08,David Lord,2023,2,8,2023-02,Wednesday
2023-02-08,David Lord,2023,2,8,2023-02,Wednesday
2023-02-09,Maxim G. Ivanov,2023,2,9,2023-02,Thursday
2023-02-07,David Lord,2023,2,7,2023-02,Tuesday
2023-02-07,David Lord,2023,2,7,2023-02,Tuesday
2023-02-07,pre-commit-ci[bot],2023,2,7,2023-02,Tuesday
2023-02-07,pre-commit-ci[bot],2023,2,7,2023-02,Tuesday
2023-02-02,David Lord,2023,2,2,2023-02,Thursday
2023-02-02,David Lord,2023,2,2,2023-02,Thursday
2023-02-03,owgreen,2023,2,3,2023-02,Friday
2023-02-01,David Lord,2023,2,1,2023-02,Wednesday
2023-02-01,David Lord,2023,2,1,2023-02,Wednesday
2023-02-01,dependabot[bot],2023,2,1,2023-02,Wednesday
2023-02-01,dependabot[bot],2023,2,1,2023-02,Wednesday
2023-01-23,Andrii Kolomoiets,2023,1,23,2023-01,Monday
2023-01-20,David Lord,2023,1,20,2023-01,Friday
2023-01-20,David Lord,2023,1,20,2023-01,Friday
2023-01-20,David Lord,2023,1,20,2023-01,Friday
2023-01-18,David Lord,2023,1,18,2023-01,Wednesday
2023-01-19,David Lord,2023,1,19,2023-01,Thursday
2023-01-18,David Lord,2023,1,18,2023-01,Wednesday
2023-01-18,David Lord,2023,1,18,2023-01,Wednesday
2023-01-18,David Lord,2023,1,18,2023-01,Wednesday
2023-01-18,David Lord,2023,1,18,2023-01,Wednesday
2023-01-09,David Lord,2023,1,9,2023-01,Monday
2023-01-09,David Lord,2023,1,9,2023-01,Monday
2023-01-09,David Lord,2023,1,9,2023-01,Monday
2023-01-06,Bhushan Mohanraj,2023,1,6,2023-01,Friday
2023-01-09,David Lord,2023,1,9,2023-01,Monday
2023-01-09,David Lord,2023,1,9,2023-01,Monday
2023-01-04,David Lord,2023,1,4,2023-01,Wednesday
2023-01-04,pgjones,2023,1,4,2023-01,Wednesday
2022-10-31,Josh Michael Karamuth,2022,10,31,2022-10,Monday
2023-01-03,David Lord,2023,1,3,2023-01,Tuesday
2023-01-01,dependabot[bot],2023,1,1,2023-01,Sunday
2022-12-29,David Lord,2022,12,29,2022-12,Thursday
2022-12-29,David Lord,2022,12,29,2022-12,Thursday
2022-12-29,David Lord,2022,12,29,2022-12,Thursday
2022-12-24,David Lord,2022,12,24,2022-12,Saturday
2022-12-24,David Lord,2022,12,24,2022-12,Saturday
2022-08-23,Grey Li,2022,8,23,2022-08,Tuesday
2022-08-21,Grey Li,2022,8,21,2022-08,Sunday
2022-10-30,Jonah Lawrence,2022,10,30,2022-10,Sunday
2022-12-24,David Lord,2022,12,24,2022-12,Saturday
2022-12-24,David Lord,2022,12,24,2022-12,Saturday
2022-12-23,Maxim G. Ivanov,2022,12,23,2022-12,Friday
2022-12-24,David Lord,2022,12,24,2022-12,Saturday
2022-12-22,Maxim G. Ivanov,2022,12,22,2022-12,Thursday
2022-12-24,David Lord,2022,12,24,2022-12,Saturday
2022-12-22,Maxim G. Ivanov,2022,12,22,2022-12,Thursday
2022-12-24,David Lord,2022,12,24,2022-12,Saturday
2022-12-01,Asif Saif Uddin,2022,12,1,2022-12,Thursday
2022-12-24,David Lord,2022,12,24,2022-12,Saturday
2022-12-22,David Lord,2022,12,22,2022-12,Thursday
2022-12-22,David Lord,2022,12,22,2022-12,Thursday
2022-12-22,Grey Li,2022,12,22,2022-12,Thursday
2022-12-21,Maxim G. Ivanov,2022,12,21,2022-12,Wednesday
2022-12-13,David Lord,2022,12,13,2022-12,Tuesday
2022-12-13,rayanth,2022,12,13,2022-12,Tuesday
2022-12-10,Grey Li,2022,12,10,2022-12,Saturday
2022-12-06,pre-commit-ci[bot],2022,12,6,2022-12,Tuesday
2022-11-27,David Lord,2022,11,27,2022-11,Sunday
2022-11-27,David Lord,2022,11,27,2022-11,Sunday
2022-11-27,Dosenpfand,2022,11,27,2022-11,Sunday
2022-11-27,Abdur-Rahmaan Janhangeer,2022,11,27,2022-11,Sunday
2022-11-25,David Lord,2022,11,25,2022-11,Friday
2022-11-25,David Lord,2022,11,25,2022-11,Friday
2022-11-25,David Lord,2022,11,25,2022-11,Friday
2022-11-07,pre-commit-ci[bot],2022,11,7,2022-11,Monday
2022-11-01,Grey Li,2022,11,1,2022-11,Tuesday
2022-11-01,pre-commit-ci[bot],2022,11,1,2022-11,Tuesday
2022-10-30,Grey Li,2022,10,30,2022-10,Sunday
2022-10-30,Jonah Lawrence,2022,10,30,2022-10,Sunday
2022-10-15,Mat Steininger,2022,10,15,2022-10,Saturday
2022-10-19,David Lord,2022,10,19,2022-10,Wednesday
2022-10-04,David Lord,2022,10,4,2022-10,Tuesday
2022-10-04,TehBrian,2022,10,4,2022-10,Tuesday
2022-10-03,pre-commit-ci[bot],2022,10,3,2022-10,Monday
2022-09-18,Yang Yang,2022,9,18,2022-09,Sunday
2022-09-14,Maksim Salau,2022,9,14,2022-09,Wednesday
2022-09-14,waffle-stomper,2022,9,14,2022-09,Wednesday
2022-09-11,David Lord,2022,9,11,2022-09,Sunday
2022-09-11,David Lord,2022,9,11,2022-09,Sunday
2022-09-07,pre-commit-ci[bot],2022,9,7,2022-09,Wednesday
2022-09-02,David Lord,2022,9,2,2022-09,Friday
2022-09-02,Isaac Woodruff,2022,9,2,2022-09,Friday
2022-08-27,David Lord,2022,8,27,2022-08,Saturday
2022-08-27,David Lord,2022,8,27,2022-08,Saturday
2022-08-22,Kevin Kirsche,2022,8,22,2022-08,Monday
2022-08-22,David Lord,2022,8,22,2022-08,Monday
2022-08-21,David Lord,2022,8,21,2022-08,Sunday
2022-08-14,Thomas Rhines,2022,8,14,2022-08,Sunday
2022-08-17,David Lord,2022,8,17,2022-08,Wednesday
2022-08-17,Dillon Barnes,2022,8,17,2022-08,Wednesday
2022-08-15,David Lord,2022,8,15,2022-08,Monday
2022-08-15,David Lord,2022,8,15,2022-08,Monday
2022-08-15,David Lord,2022,8,15,2022-08,Monday
2022-08-13,Grey Li,2022,8,13,2022-08,Saturday
2022-08-12,O臒uzhan 脟elikarslan,2022,8,12,2022-08,Friday
2022-08-09,Grey Li,2022,8,9,2022-08,Tuesday
2022-08-09,Grey Li,2022,8,9,2022-08,Tuesday
2022-08-09,tautv,2022,8,9,2022-08,Tuesday
2022-08-09,Philipp Rohde,2022,8,9,2022-08,Tuesday
2022-08-08,David Lord,2022,8,8,2022-08,Monday
2022-08-08,David Lord,2022,8,8,2022-08,Monday
2022-08-08,David Lord,2022,8,8,2022-08,Monday
2022-08-08,David Lord,2022,8,8,2022-08,Monday
2022-08-08,David Lord,2022,8,8,2022-08,Monday
2022-08-08,David Lord,2022,8,8,2022-08,Monday
2022-08-08,David Lord,2022,8,8,2022-08,Monday
2022-08-05,David Lord,2022,8,5,2022-08,Friday
2022-08-05,David Lord,2022,8,5,2022-08,Friday
2022-08-05,David Lord,2022,8,5,2022-08,Friday
2022-08-05,David Lord,2022,8,5,2022-08,Friday
2022-08-04,David Lord,2022,8,4,2022-08,Thursday
2022-08-04,David Lord,2022,8,4,2022-08,Thursday
2022-08-04,David Lord,2022,8,4,2022-08,Thursday
2022-08-04,David Lord,2022,8,4,2022-08,Thursday
2022-08-03,David Lord,2022,8,3,2022-08,Wednesday
2022-08-03,David Lord,2022,8,3,2022-08,Wednesday
2022-08-03,David Lord,2022,8,3,2022-08,Wednesday
2022-08-03,David Lord,2022,8,3,2022-08,Wednesday
2022-08-03,David Lord,2022,8,3,2022-08,Wednesday
2022-08-03,David Lord,2022,8,3,2022-08,Wednesday
2022-08-03,David Lord,2022,8,3,2022-08,Wednesday
2022-08-01,David Lord,2022,8,1,2022-08,Monday
2022-08-01,David Lord,2022,8,1,2022-08,Monday
2022-08-01,David Lord,2022,8,1,2022-08,Monday
2022-07-26,David Lord,2022,7,26,2022-07,Tuesday
2022-08-01,David Lord,2022,8,1,2022-08,Monday
2022-08-01,David Lord,2022,8,1,2022-08,Monday
2022-08-01,David Lord,2022,8,1,2022-08,Monday
2022-08-01,David Lord,2022,8,1,2022-08,Monday
2022-08-01,pre-commit-ci[bot],2022,8,1,2022-08,Monday
2022-08-01,David Lord,2022,8,1,2022-08,Monday
2022-08-01,David Lord,2022,8,1,2022-08,Monday
2022-08-01,David Lord,2022,8,1,2022-08,Monday
2022-08-01,David Lord,2022,8,1,2022-08,Monday
2022-08-01,David Lord,2022,8,1,2022-08,Monday
2022-08-01,David Lord,2022,8,1,2022-08,Monday
2022-08-01,David Lord,2022,8,1,2022-08,Monday
2022-08-01,David Lord,2022,8,1,2022-08,Monday
2022-07-25,David Lord,2022,7,25,2022-07,Monday
2022-07-24,David Lord,2022,7,24,2022-07,Sunday
2022-07-24,David Lord,2022,7,24,2022-07,Sunday
2022-07-24,David Lord,2022,7,24,2022-07,Sunday
2022-07-24,David Lord,2022,7,24,2022-07,Sunday
2022-07-14,David Lord,2022,7,14,2022-07,Thursday
2022-07-14,Matthijs van der Vleuten,2022,7,14,2022-07,Thursday
2022-07-13,David Lord,2022,7,13,2022-07,Wednesday
2022-07-13,David Lord,2022,7,13,2022-07,Wednesday
2022-07-13,David Lord,2022,7,13,2022-07,Wednesday
2022-07-13,David Lord,2022,7,13,2022-07,Wednesday
2022-07-13,David Lord,2022,7,13,2022-07,Wednesday
2022-07-13,David Lord,2022,7,13,2022-07,Wednesday
2022-07-13,Yourun-Proger,2022,7,13,2022-07,Wednesday
2022-07-13,David Lord,2022,7,13,2022-07,Wednesday
2022-07-13,David Lord,2022,7,13,2022-07,Wednesday
2022-07-13,David Lord,2022,7,13,2022-07,Wednesday
2022-07-11,David Lord,2022,7,11,2022-07,Monday
2022-07-11,Pedro Torcatt,2022,7,11,2022-07,Monday
2022-07-10,David Lord,2022,7,10,2022-07,Sunday
2022-07-10,Pedro Torcatt,2022,7,10,2022-07,Sunday
2022-07-09,David Lord,2022,7,9,2022-07,Saturday
2022-07-09,pgjones,2022,7,9,2022-07,Saturday
2022-07-08,David Lord,2022,7,8,2022-07,Friday
2022-07-08,David Lord,2022,7,8,2022-07,Friday
2022-07-08,David Lord,2022,7,8,2022-07,Friday
2022-07-05,David Lord,2022,7,5,2022-07,Tuesday
2022-07-04,David Lord,2022,7,4,2022-07,Monday
2022-06-27,David Lord,2022,6,27,2022-06,Monday
2022-07-08,David Lord,2022,7,8,2022-07,Friday
2022-07-08,David Lord,2022,7,8,2022-07,Friday
2022-07-08,Earl C. Ruby III,2022,7,8,2022-07,Friday
2022-07-08,David Lord,2022,7,8,2022-07,Friday
2022-07-08,pgjones,2022,7,8,2022-07,Friday
2022-07-06,Phil Jones,2022,7,6,2022-07,Wednesday
2022-07-06,David Lord,2022,7,6,2022-07,Wednesday
2022-07-06,Ties Jan Hefting,2022,7,6,2022-07,Wednesday
2022-07-04,David Lord,2022,7,4,2022-07,Monday
2022-07-04,David Lord,2022,7,4,2022-07,Monday
2022-07-04,pre-commit-ci[bot],2022,7,4,2022-07,Monday
2022-07-04,David Lord,2022,7,4,2022-07,Monday
2022-07-02,David Lord,2022,7,2,2022-07,Saturday
2022-07-02,David Lord,2022,7,2,2022-07,Saturday
2022-07-02,David Lord,2022,7,2,2022-07,Saturday
2022-07-02,Grey Li,2022,7,2,2022-07,Saturday
2022-07-02,David Lord,2022,7,2,2022-07,Saturday
2022-07-02,David Lord,2022,7,2,2022-07,Saturday
2022-07-01,David Lord,2022,7,1,2022-07,Friday
2022-07-01,David Lord,2022,7,1,2022-07,Friday
2022-07-01,David Lord,2022,7,1,2022-07,Friday
2022-07-01,David Lord,2022,7,1,2022-07,Friday
2022-07-01,David Lord,2022,7,1,2022-07,Friday
2022-06-29,David Lord,2022,6,29,2022-06,Wednesday
2022-07-01,David Lord,2022,7,1,2022-07,Friday
2022-07-01,dependabot[bot],2022,7,1,2022-07,Friday
2022-06-29,David Lord,2022,6,29,2022-06,Wednesday
2022-06-29,David Lord,2022,6,29,2022-06,Wednesday
2022-06-28,David Lord,2022,6,28,2022-06,Tuesday
2022-06-28,David Lord,2022,6,28,2022-06,Tuesday
2022-06-28,David Lord,2022,6,28,2022-06,Tuesday
2022-06-26,hankhank10,2022,6,26,2022-06,Sunday
2022-06-23,David Lord,2022,6,23,2022-06,Thursday
2022-06-23,hankhank10,2022,6,23,2022-06,Thursday
2022-06-18,David Lord,2022,6,18,2022-06,Saturday
2022-06-09,pgjones,2022,6,9,2022-06,Thursday
2022-06-09,pgjones,2022,6,9,2022-06,Thursday
2022-06-17,David Lord,2022,6,17,2022-06,Friday
2022-06-17,Kevin Kirsche,2022,6,17,2022-06,Friday
2022-06-17,David Lord,2022,6,17,2022-06,Friday
2022-06-17,David Lord,2022,6,17,2022-06,Friday
2022-06-17,David Lord,2022,6,17,2022-06,Friday
2022-06-17,David Lord,2022,6,17,2022-06,Friday
2022-06-17,David Lord,2022,6,17,2022-06,Friday
2022-06-15,David Lord,2022,6,15,2022-06,Wednesday
2022-06-15,David Lord,2022,6,15,2022-06,Wednesday
2022-06-15,David Lord,2022,6,15,2022-06,Wednesday
2022-06-13,David Lord,2022,6,13,2022-06,Monday
2022-06-12,David Lord,2022,6,12,2022-06,Sunday
2022-06-12,David Lord,2022,6,12,2022-06,Sunday
2022-06-12,David Lord,2022,6,12,2022-06,Sunday
2022-06-12,David Lord,2022,6,12,2022-06,Sunday
2022-06-12,David Lord,2022,6,12,2022-06,Sunday
2022-06-11,David Lord,2022,6,11,2022-06,Saturday
2022-06-11,David Lord,2022,6,11,2022-06,Saturday
2022-06-11,David Lord,2022,6,11,2022-06,Saturday
2022-06-09,David Lord,2022,6,9,2022-06,Thursday
2022-06-09,Dan Mirsky,2022,6,9,2022-06,Thursday
2022-02-14,David Lord,2022,2,14,2022-02,Monday
2022-06-06,David Lord,2022,6,6,2022-06,Monday
2022-06-06,David Lord,2022,6,6,2022-06,Monday
2022-06-06,David Lord,2022,6,6,2022-06,Monday
2022-06-06,David Lord,2022,6,6,2022-06,Monday
2022-06-06,David Lord,2022,6,6,2022-06,Monday
2022-06-06,David Lord,2022,6,6,2022-06,Monday
2022-06-06,David Lord,2022,6,6,2022-06,Monday
2022-06-06,David Lord,2022,6,6,2022-06,Monday
2022-06-06,David Lord,2022,6,6,2022-06,Monday
2022-06-06,David Lord,2022,6,6,2022-06,Monday
2022-05-26,Evgeny Prigorodov,2022,5,26,2022-05,Thursday
2022-06-05,David Lord,2022,6,5,2022-06,Sunday
2022-06-05,David Lord,2022,6,5,2022-06,Sunday
2022-06-05,David Lord,2022,6,5,2022-06,Sunday
2022-06-05,David Lord,2022,6,5,2022-06,Sunday
2022-06-03,David Lord,2022,6,3,2022-06,Friday
2022-06-05,Numerlor,2022,6,5,2022-06,Sunday
2022-06-01,David Lord,2022,6,1,2022-06,Wednesday
2022-06-01,Nick Kocharhook,2022,6,1,2022-06,Wednesday
2022-05-02,lecovi,2022,5,2,2022-05,Monday
2022-06-01,David Lord,2022,6,1,2022-06,Wednesday
2022-06-01,David Lord,2022,6,1,2022-06,Wednesday
2022-05-31,David Lord,2022,5,31,2022-05,Tuesday
2022-05-31,Stanislav Bushuev,2022,5,31,2022-05,Tuesday
2022-05-23,David Lord,2022,5,23,2022-05,Monday
2022-05-23,David Lord,2022,5,23,2022-05,Monday
2022-05-19,Justin Bull,2022,5,19,2022-05,Thursday
2022-05-23,David Lord,2022,5,23,2022-05,Monday
2022-05-23,David Lord,2022,5,23,2022-05,Monday
2022-05-12,Nathan Brown,2022,5,12,2022-05,Thursday
2022-05-23,David Lord,2022,5,23,2022-05,Monday
2022-05-02,lecovi,2022,5,2,2022-05,Monday
2022-05-23,David Lord,2022,5,23,2022-05,Monday
2022-05-23,David Lord,2022,5,23,2022-05,Monday
2022-05-23,David Lord,2022,5,23,2022-05,Monday
2022-05-23,David Lord,2022,5,23,2022-05,Monday
2022-05-23,David Lord,2022,5,23,2022-05,Monday
2022-05-23,David Lord,2022,5,23,2022-05,Monday
2022-05-23,David Lord,2022,5,23,2022-05,Monday
2022-05-02,Chris Hallacy,2022,5,2,2022-05,Monday
2022-05-15,David Lord,2022,5,15,2022-05,Sunday
2022-05-15,David Lord,2022,5,15,2022-05,Sunday
2022-05-14,David Lord,2022,5,14,2022-05,Saturday
2022-05-14,David Lord,2022,5,14,2022-05,Saturday
2022-05-02,Ivan Sushkov,2022,5,2,2022-05,Monday
2022-05-12,David Lord,2022,5,12,2022-05,Thursday
2022-05-12,David Lord,2022,5,12,2022-05,Thursday
2022-05-02,dzcode,2022,5,2,2022-05,Monday
2022-05-11,David Lord,2022,5,11,2022-05,Wednesday
2022-05-11,David Lord,2022,5,11,2022-05,Wednesday
2022-05-02,Tim Hoagland,2022,5,2,2022-05,Monday
2022-05-10,David Lord,2022,5,10,2022-05,Tuesday
2022-05-10,David Lord,2022,5,10,2022-05,Tuesday
2022-05-10,David Lord,2022,5,10,2022-05,Tuesday
2022-05-09,Luis Palacios,2022,5,9,2022-05,Monday
2022-05-04,David Lord,2022,5,4,2022-05,Wednesday
2022-05-04,David Lord,2022,5,4,2022-05,Wednesday
2022-05-03,David Lord,2022,5,3,2022-05,Tuesday
2022-05-02,Stanislav Bushuev,2022,5,2,2022-05,Monday
2022-05-03,David Lord,2022,5,3,2022-05,Tuesday
2022-04-29,Qingpeng Li,2022,4,29,2022-04,Friday
2022-05-02,David Lord,2022,5,2,2022-05,Monday
2022-05-02,Maria Andrea Vignau,2022,5,2,2022-05,Monday
2022-05-02,David Lord,2022,5,2,2022-05,Monday
2022-05-02,DailyDreaming,2022,5,2,2022-05,Monday
2022-04-28,David Lord,2022,4,28,2022-04,Thursday
2022-04-28,David Lord,2022,4,28,2022-04,Thursday
2022-04-28,David Lord,2022,4,28,2022-04,Thursday
2022-04-28,David Lord,2022,4,28,2022-04,Thursday
2022-04-28,David Lord,2022,4,28,2022-04,Thursday
2022-04-28,David Lord,2022,4,28,2022-04,Thursday
2022-04-28,David Lord,2022,4,28,2022-04,Thursday
2022-04-25,David Lord,2022,4,25,2022-04,Monday
2022-04-25,Bo Bayles,2022,4,25,2022-04,Monday
2022-04-24,David Lord,2022,4,24,2022-04,Sunday
2022-04-24,David Lord,2022,4,24,2022-04,Sunday
2022-04-24,David Lord,2022,4,24,2022-04,Sunday
2022-04-24,David Lord,2022,4,24,2022-04,Sunday
2022-04-18,James Warne,2022,4,18,2022-04,Monday
2022-04-24,David Lord,2022,4,24,2022-04,Sunday
2022-04-12,Rafael Zimmer,2022,4,12,2022-04,Tuesday
2022-04-24,David Lord,2022,4,24,2022-04,Sunday
2022-04-13,David Lord,2022,4,13,2022-04,Wednesday
2022-04-13,MeViMo,2022,4,13,2022-04,Wednesday
2022-04-11,David Lord,2022,4,11,2022-04,Monday
2022-04-08,David Lord,2022,4,8,2022-04,Friday
2022-04-08,David Lord,2022,4,8,2022-04,Friday
2022-04-08,MeViMo,2022,4,8,2022-04,Friday
2022-04-08,David Lord,2022,4,8,2022-04,Friday
2022-04-08,LarsMoons,2022,4,8,2022-04,Friday
2022-04-08,David Lord,2022,4,8,2022-04,Friday
2022-04-08,David Lord,2022,4,8,2022-04,Friday
2022-04-04,pre-commit-ci[bot],2022,4,4,2022-04,Monday
2022-04-01,David Lord,2022,4,1,2022-04,Friday
2022-04-01,David Lord,2022,4,1,2022-04,Friday
2022-04-01,David Lord,2022,4,1,2022-04,Friday
2022-04-01,David Lord,2022,4,1,2022-04,Friday
2022-04-01,dependabot[bot],2022,4,1,2022-04,Friday
2022-03-30,David Lord,2022,3,30,2022-03,Wednesday
2022-03-30,David Lord,2022,3,30,2022-03,Wednesday
2022-03-30,David Lord,2022,3,30,2022-03,Wednesday
2022-03-30,David Lord,2022,3,30,2022-03,Wednesday
2022-03-30,David Lord,2022,3,30,2022-03,Wednesday
2022-03-30,David Lord,2022,3,30,2022-03,Wednesday
2022-03-30,David Lord,2022,3,30,2022-03,Wednesday
2022-03-30,David Lord,2022,3,30,2022-03,Wednesday
2022-03-28,David Lord,2022,3,28,2022-03,Monday
2022-03-28,David Lord,2022,3,28,2022-03,Monday
2022-03-28,David Lord,2022,3,28,2022-03,Monday
2022-03-28,David Lord,2022,3,28,2022-03,Monday
2022-03-28,David Lord,2022,3,28,2022-03,Monday
2022-03-25,David Lord,2022,3,25,2022-03,Friday
2022-03-25,David Lord,2022,3,25,2022-03,Friday
2022-03-25,David Lord,2022,3,25,2022-03,Friday
2022-03-25,David Lord,2022,3,25,2022-03,Friday
2022-03-08,pgjones,2022,3,8,2022-03,Tuesday
2022-03-25,David Lord,2022,3,25,2022-03,Friday
2022-03-25,David Lord,2022,3,25,2022-03,Friday
2022-03-23,David Lord,2022,3,23,2022-03,Wednesday
2022-03-23,David Lord,2022,3,23,2022-03,Wednesday
2022-03-23,David Lord,2022,3,23,2022-03,Wednesday
2022-03-23,David Lord,2022,3,23,2022-03,Wednesday
2022-03-22,David Lord,2022,3,22,2022-03,Tuesday
2022-03-22,octopoulpe,2022,3,22,2022-03,Tuesday
2022-03-15,David Lord,2022,3,15,2022-03,Tuesday
2022-03-15,David Lord,2022,3,15,2022-03,Tuesday
2022-03-15,David Lord,2022,3,15,2022-03,Tuesday
2022-03-15,David Lord,2022,3,15,2022-03,Tuesday
2022-03-15,David Lord,2022,3,15,2022-03,Tuesday
2022-03-15,David Lord,2022,3,15,2022-03,Tuesday
2022-03-15,uedvt359,2022,3,15,2022-03,Tuesday
2022-03-08,David Lord,2022,3,8,2022-03,Tuesday
2022-03-08,Tushar Sadhwani,2022,3,8,2022-03,Tuesday
2022-03-01,David Lord,2022,3,1,2022-03,Tuesday
2022-03-01,dependabot[bot],2022,3,1,2022-03,Tuesday
2022-02-22,David Lord,2022,2,22,2022-02,Tuesday
2022-02-22,David Lord,2022,2,22,2022-02,Tuesday
2022-02-19,David Lord,2022,2,19,2022-02,Saturday
2022-02-17,David Lord,2022,2,17,2022-02,Thursday
2022-02-17,David Lord,2022,2,17,2022-02,Thursday
2022-02-16,Colin Adams,2022,2,16,2022-02,Wednesday
2022-02-14,David Lord,2022,2,14,2022-02,Monday
2022-02-14,David Lord,2022,2,14,2022-02,Monday
2022-02-14,David Lord,2022,2,14,2022-02,Monday
2022-02-13,David Lord,2022,2,13,2022-02,Sunday
2022-02-13,David Lord,2022,2,13,2022-02,Sunday
2022-02-09,David Lord,2022,2,9,2022-02,Wednesday
2021-07-06,Micka毛l Gu茅rin,2021,7,6,2021-07,Tuesday
2022-02-09,David Lord,2022,2,9,2022-02,Wednesday
2022-02-09,David Lord,2022,2,9,2022-02,Wednesday
2022-02-09,David Lord,2022,2,9,2022-02,Wednesday
2022-02-09,David Lord,2022,2,9,2022-02,Wednesday
2022-02-08,David Lord,2022,2,8,2022-02,Tuesday
2022-02-08,David Lord,2022,2,8,2022-02,Tuesday
2022-02-08,David Lord,2022,2,8,2022-02,Tuesday
2022-02-08,David Lord,2022,2,8,2022-02,Tuesday
2022-02-08,David Lord,2022,2,8,2022-02,Tuesday
2022-02-08,David Lord,2022,2,8,2022-02,Tuesday
2022-02-08,David Lord,2022,2,8,2022-02,Tuesday
2022-02-08,David Lord,2022,2,8,2022-02,Tuesday
2022-02-08,David Lord,2022,2,8,2022-02,Tuesday
2022-02-07,pre-commit-ci[bot],2022,2,7,2022-02,Monday
2022-01-27,Stefane Fermigier,2022,1,27,2022-01,Thursday
2022-01-17,K900,2022,1,17,2022-01,Monday
2022-01-14,David Lord,2022,1,14,2022-01,Friday
2022-01-14,David Lord,2022,1,14,2022-01,Friday
2022-01-14,David Lord,2022,1,14,2022-01,Friday
2021-12-30,Cameron Dahl,2021,12,30,2021-12,Thursday
2022-01-14,David Lord,2022,1,14,2022-01,Friday
2022-01-11,otherJL0,2022,1,11,2022-01,Tuesday
2022-01-13,David Lord,2022,1,13,2022-01,Thursday
2022-01-13,David Lord,2022,1,13,2022-01,Thursday
2022-01-13,David Lord,2022,1,13,2022-01,Thursday
2022-01-13,David Lord,2022,1,13,2022-01,Thursday
2021-12-22,David Lord,2021,12,22,2021-12,Wednesday
2021-12-22,David Lord,2021,12,22,2021-12,Wednesday
2021-12-22,David Lord,2021,12,22,2021-12,Wednesday
2021-12-22,David Lord,2021,12,22,2021-12,Wednesday
2021-12-22,David Lord,2021,12,22,2021-12,Wednesday
2021-12-22,David Lord,2021,12,22,2021-12,Wednesday
2021-12-12,Grey Li,2021,12,12,2021-12,Sunday
2021-12-22,David Lord,2021,12,22,2021-12,Wednesday
2021-12-22,David Lord,2021,12,22,2021-12,Wednesday
2021-11-19,Yourun-Proger,2021,11,19,2021-11,Friday
2021-12-22,David Lord,2021,12,22,2021-12,Wednesday
2021-11-20,olliemath,2021,11,20,2021-11,Saturday
2021-12-22,David Lord,2021,12,22,2021-12,Wednesday
2021-12-22,David Lord,2021,12,22,2021-12,Wednesday
2021-12-22,David Lord,2021,12,22,2021-12,Wednesday
2021-12-22,dependabot[bot],2021,12,22,2021-12,Wednesday
2021-12-22,David Lord,2021,12,22,2021-12,Wednesday
2021-12-22,David Lord,2021,12,22,2021-12,Wednesday
2021-12-22,David Lord,2021,12,22,2021-12,Wednesday
2021-12-22,David Lord,2021,12,22,2021-12,Wednesday
2021-12-22,David Lord,2021,12,22,2021-12,Wednesday
2021-12-15,David Lord,2021,12,15,2021-12,Wednesday
2021-12-16,J眉rgen Gmach,2021,12,16,2021-12,Thursday
2021-11-16,David Lord,2021,11,16,2021-11,Tuesday
2021-11-16,David Lord,2021,11,16,2021-11,Tuesday
2021-11-16,David Lord,2021,11,16,2021-11,Tuesday
2021-11-16,David Lord,2021,11,16,2021-11,Tuesday
2021-11-16,David Lord,2021,11,16,2021-11,Tuesday
2021-11-16,David Lord,2021,11,16,2021-11,Tuesday
2021-10-16,pgjones,2021,10,16,2021-10,Saturday
2021-11-16,David Lord,2021,11,16,2021-11,Tuesday
2021-11-16,David Lord,2021,11,16,2021-11,Tuesday
2021-10-31,David Lord,2021,10,31,2021-10,Sunday
2021-11-15,David Lord,2021,11,15,2021-11,Monday
2021-10-25,Henry Kobin,2021,10,25,2021-10,Monday
2021-11-15,David Lord,2021,11,15,2021-11,Monday
2021-10-07,Bojan Deli膰,2021,10,7,2021-10,Thursday
2021-11-15,David Lord,2021,11,15,2021-11,Monday
2021-11-15,David Lord,2021,11,15,2021-11,Monday
2021-11-15,David Lord,2021,11,15,2021-11,Monday
2021-11-15,David Lord,2021,11,15,2021-11,Monday
2021-11-15,David Lord,2021,11,15,2021-11,Monday
2021-11-15,David Lord,2021,11,15,2021-11,Monday
2021-11-12,David Lord,2021,11,12,2021-11,Friday
2021-11-12,David Lord,2021,11,12,2021-11,Friday
2021-11-12,David Lord,2021,11,12,2021-11,Friday
2021-11-12,David Lord,2021,11,12,2021-11,Friday
